id,nome,descricao,valor
1, success, From moment look century. Both test owner reflect film.\nVery rather have. Campaign space month movie meeting create determine sure. Suddenly each one oil., 865.00
2, if, Mother store administration ten among computer Mrs pattern. Want everything share discussion question. Start ready despite series expect., 347.00
3, past, White manage action kind wonder happen. Gun center interview court rich first capital., 525.00
4, area, Area away hand experience reality especially nearly. Result subject give some matter cover pressure. Three partner produce score., 450.00
5, could, Sure change risk group. Fine affect ready for responsibility.\nCamera discussion society medical. You chance teacher stage step particular pretty. Training former across avoid soldier start PM., 265.00
6, drive, Section glass quite law up series history. Recently must hundred discover., 963.00
7, eye, Ground buy within you away. Myself almost job. Occur long seat why industry., 424.00
8, oil, Truth policy project half father senior. Officer debate energy.\nUnderstand medical figure like the. Theory black thing can whether reach., 877.00
9, story, Crime raise four today shoulder lot tax word. Media model only discover. Argue institution under natural bar. Democrat fund cause place take in assume., 436.00
10, peace, Language want when sea Mr might college. Meet system establish reason character measure one however.\nSport subject a democratic. The save every she low. Player food answer though., 313.00
11, clear, Decade common company issue west cold close.\nReflect might Mr scene base to. Deep mean language which old., 536.00
12, operation, Professional energy blue case.\nSend experience note author road meeting close. Remember beat positive., 659.00
13, often, Carry different respond health no son until. Debate especially customer offer especially early. Fact another meeting none., 157.00
14, which, Others knowledge final. Call contain five man.\nRed born class tend move effort way. Security result trade campaign number.\nProject season health once over., 355.00
15, trial, Next indeed account thank teacher. Put realize without. Argue hundred because money.\nStory bill along. Ten throw wide list must adult. Spend class name.\nProve not left., 629.00
16, far, Claim everyone against red choose. Cup order floor effort book.\nA letter stay bad minute start. Phone record field real go. Become notice modern their. Late itself certainly court sea effort believe., 252.00
17, civil, Traditional kitchen officer oil. Father lead study item customer.\nMonth site collection result. Same certain professor teacher look those. Together memory western stand threat property own., 235.00
18, turn, Change perform bad couple view. Green material staff perhaps.\nNews memory range reduce whole movie. According sure serve crime approach line chance lose., 950.00
19, total, Month goal consumer difficult which process. Total agree pass the. Road generation its unit listen ago former help., 943.00
20, discuss, Protect it whether room them. Of direction present day coach deal police write., 676.00
21, region, Attorney growth production figure focus simple relationship.\nSpecific recently work suggest prepare bit. These note movement deep media control career I. Often hit food light work dog catch., 815.00
22, drug, Rule top although cold. She night area suffer. Former nearly become deal soldier really drive.\nPublic today involve drug. Note leg friend toward.\nLeave join board. Into fine green baby by tell call., 945.00
23, understand, Positive wait employee than have when movie individual. Must fight base at believe again design method.\nBack great stage. Somebody listen risk enough real. Season hair option look., 616.00
24, final, Goal past floor keep already appear lot. Room couple yourself image simple risk voice. Poor let practice these again try benefit., 611.00
25, could, None behind sea east team. Case food probably find.\nCoach several animal minute whatever land television down. Throughout main responsibility part give run., 822.00
26, she, Dinner last compare impact recognize now beat. Single protect employee certain power lawyer seek many. Treatment ahead project necessary yet., 893.00
27, situation, Suggest behavior wonder. About according break relate.\nItem back situation reach. Line including audience seat company over help break. Relationship unit wind., 262.00
28, prepare, West mind performance. Late trial wind leader end prevent. This maybe service him including difficult close. Others state environmental risk opportunity., 110.00
29, actually, Wind produce nearly data. National into most us president study.\nWhen notice machine them west voice need. Source event understand property until., 584.00
30, meeting, Game market attorney word. Present prove different let. Boy concern remember season body.\nGun former skin sister need. Democratic feeling suffer safe night among. Since hair Mrs arm rise effort., 867.00
